name,email,gender
1,Katinka,De Gregorio
2,Davina,Winder
3,Kelbee,Spino
4,Lynnett,Streets
5,Rianon,Penwell
6,Agna,Boschmann
7,Almira,Ickovicz
8,Gradeigh,Earland
9,Seline,Shelvey
10,Berte,Harmes
11,Spense,Hegerty
12,Odelia,Stanfield
13,Audry,Constantine
14,Christoper,MacEntee
15,Jeremy,Dongles
16,Maurizio,Marrett
17,Stanleigh,Dodgshun
18,Penelope,Eyre
19,Cosette,Baysting
20,Donnell,Gridley
21,Reynard,Craufurd
22,Matty,Gorvette
23,Peg,Druitt
24,Richmond,Damerell
25,Joyous,Kelbie
26,Johanna,Winfrey
27,Rochella,Brampton
28,Shanta,Swinnard
29,Wilfrid,Doak
30,Jone,Hartzogs
31,Lu,Brauns
32,Ibrahim,Bawme
33,Henrie,Junifer
34,Judie,Gepson
35,Caddric,Giacomo
36,Paulita,Montez
37,Pearl,Carbonell
38,Carlyn,Caukill
39,Delores,Acland
40,Sandor,Dolby
41,Fidela,Bartolozzi
42,Fancie,Amorts
43,Jameson,Maric
44,Celestyna,MacWhan
45,Burty,Fridlington
46,Rivkah,Cleynman
47,Forbes,Aloshkin
48,Louis,Statersfield
49,Billy,Crawford
50,Tomasina,Gilvary
51,Lexie,Spenclay
52,Oates,Blacket
53,Yuma,Eytel
54,Prue,Caulkett
55,Jaquenette,Pellamont
56,Terry,Roots
57,Maggie,Tollfree
58,Talbot,Mangeon
59,Tyrus,Abeau
60,Alfy,McArthur
61,Tobin,Duffer
62,Horatius,Harsum
63,Piggy,Cureton
64,Isaiah,Mudle
65,Almeda,Helix
66,Almira,Reiglar
67,Ingemar,Laing
68,Dedra,Stammler
69,Fraser,Savary
70,Dallas,Frid
71,Katrine,Tolcher
72,Anastassia,Jobbins
73,Bianka,Flaunier
74,Harmon,Norris
75,Millisent,Goodwill
76,Jacquetta,Laible
77,Val,Longfield
78,Anetta,Blonden
79,Dix,Byass
80,Fern,Speaks
81,Camey,Beaze
82,Gipsy,Purchon
83,Giusto,Favill
84,Korie,Tofanelli
85,Boyd,Champkins
86,Elnore,Bownd
87,Salmon,Prescot
88,Grace,Drance
89,Dagny,Tottman
90,Alysa,Kivelhan
91,Brander,Karpenko
92,Zack,Runsey
93,Brett,Harower
94,Raddy,Gabb
95,Lloyd,Dubbin
96,Demeter,Dallyn
97,Woodie,Joseff
98,Kendal,Killingsworth
99,Christoffer,Peeters
100,Sile,Rodder
101,Lilas,Crowd
102,Noby,Gerhold
103,Maddy,Bode
104,Alexi,Magee
105,Clementine,Bollard
106,Cori,Alelsandrovich
107,Misty,Gilliland
108,Ursuline,Andreaccio
109,Clareta,Behr
110,Port,Ogley
111,Tabbatha,Berwick
112,Regine,Saveall
113,Nelli,Haggidon
114,Emlyn,Gaddas
115,Jo,Byard
116,Sollie,Daldan
117,Bertram,Teather
118,Mel,Royson
119,Christalle,Hovenden
120,Katina,Patnelli
121,Constantia,Kleint
122,Erik,Tabrett
123,Bird,Shwenn
124,Rodge,Mence
125,Clint,Sebrook
126,Alexine,Druhan
127,Violante,Moorhouse
128,Gabrila,Jillions
129,Suzy,Peplaw
130,Bradney,Loadsman
131,Andreas,Oakinfold
132,Linc,Leades
133,Colin,Slaten
134,Madelyn,Meriott
135,Carline,Logg
136,Jodi,How to preserve
137,Kassandra,Inwood
138,Pansie,Buckingham
139,Lalo,Shenton
140,Maud,Tennant
141,Ignacio,Cobon
142,Desi,Burtt
143,Burt,St. Leger
144,Alberta,Braycotton
145,Anabal,Malcolmson
146,Giffer,Brouard
147,Nickolaus,de Grey
148,Katinka,Dockwra
149,Ambrosio,Dulany
150,Prissie,Callear
151,Bill,Mourbey
152,Bess,Gregson
153,Dyane,Furtado
154,Addie,Bownass
155,Pate,Moff
156,Tisha,Laux
157,Burl,Antonin
158,Trip,Gillingwater
159,Kellina,McCosker
160,Cathrine,Minnock
161,Margaux,Hurtado
162,Marlyn,Broy
163,Dorine,McGilleghole
164,Renaud,Oleksinski
165,Jaime,Mattityahou
166,Essy,Style
167,Joelly,Twinterman
168,Lorne,Kirwood
169,Giraldo,Ferrea
170,Fair,Summerbell
171,Reeta,Schiersch
172,Cory,O'Cridigan
173,Adore,Dwyr
174,Taffy,Corp
175,Steffane,Cooch
176,Albie,Middleweek
177,Trev,Pryn
178,Ferdy,Holtaway
179,Gustave,Highwood
180,Cassie,Starkey
181,Jodie,Player
182,Cheston,Grizard
183,Ron,Pinare
184,Marga,Toler
185,Quill,Soares
186,Loralee,Witchell
187,Flore,Offner
188,Parker,Bernuzzi
189,Sidoney,Laffoley-Lane
190,Wenda,Sherburn
191,Catarina,Jansky
192,Gavin,Hadleigh
193,Devon,Balazin
194,Cordy,Stelle
195,Sharity,Godart
196,Pegeen,Pringour
197,Gates,Smeal
198,Brandi,Delamaine
199,Mariele,Pummell
200,Geoffrey,Garrat
201,Sidoney,Grunguer
202,Gerri,Drewett
203,Boigie,Hunnicot
204,Val,Weson
205,Shaun,Van Geffen
206,Gayel,Klainman
207,Tatum,Kindall
208,Winslow,Halloway
209,Kassey,Roback
210,Liz,Rispine
211,Nora,Reitenbach
212,Clementina,Swynley
213,Verge,Stood
214,Dani,Carver
215,Phylys,Ianinotti
216,Peadar,Bartle
217,Torey,Maleby
218,Algernon,Tollfree
219,Devinne,Barwis
220,Lotti,Elham
221,Luciana,Ellicott
222,Cynthea,Dunrige
223,Charmian,Vickery
224,Kelsy,Peverell
225,Myca,Arkil
226,Valli,Oldridge
227,Rosita,Catt
228,Lissa,Fiddyment
229,Nobe,Elleyne
230,My,Hilldrop
231,Kaila,Pegden
232,Ranee,Amis
233,Tabby,Von Helmholtz
234,Merwin,Ramsted
235,Alwyn,Parsonage
236,Avrom,Heaford
237,Hewe,Scarce
238,Tally,Wycliff
239,Baillie,Bartram
240,Magdaia,Grebert
241,Vinny,Hurll
242,Quentin,Fullard
243,Zena,Leneve
244,Liane,Camamill
245,Arda,Kenewel
246,Stevena,Kondratowicz
247,Cecily,Yardley
248,Virgie,Govett
249,Carlin,Pavluk
250,Jard,Pechell
251,Malena,Dwane
252,Roman,Hagergham
253,Aimil,Callen
254,Claribel,Hryncewicz
255,Martica,Wormald
256,Sindee,Handyside
257,Tawsha,Eisig
258,Mickie,Parmenter
259,Chelsey,Tilbury
260,Theodore,Geraud
261,Dev,Hoofe
262,Carmela,Tottle
263,Jedediah,Helbeck
264,Jackie,Komorowski
265,Florida,Setterfield
266,Irvine,Yoseloff
267,Wenonah,Clubb
268,Sidonia,Coneybeer
269,Thorny,McKernon
270,Sydel,Seefus
271,Kelli,Rose
272,Giffy,Giamuzzo
273,Berenice,Vieyra
274,Kissie,Belbin
275,Britt,Levinge
276,Nanine,Flecknoe
277,Nikolos,Girardi
278,Danit,Whithorn
279,Flossi,Boniface
280,Isidore,Attiwill
281,Bertie,Derington
282,Rosella,Ioannidis
283,Robinet,Casoni
284,Riki,Maylott
285,Rafi,Biggerdike
286,Woodrow,Alexsandrov
287,Meredeth,Lackeye
288,Amye,Sign
289,Halimeda,Affleck
290,Irina,Balshaw
291,Rosalia,Tassell
292,Andi,Barnett
293,Richardo,Tansley
294,Josselyn,Utton
295,Maryjane,Telega
296,Theadora,O'Bradane
297,Margarita,Pennigar
298,Frederick,Phillipp
299,Myca,Padefield
300,Katerina,Wheowall
301,Merci,Wimlet
302,Betta,Fearn
303,Magdalena,Abella
304,Manfred,Oxbe
305,Frazier,Fillan
306,Charo,Costa
307,Lorene,McCormick
308,Shoshanna,Varrow
309,Donnajean,Wolledge
310,Kelsi,Rodenburg
311,Buckie,Grealish
312,Dolores,Hawksby
313,Maxie,Sperski
314,Garey,Walker
315,Pavla,Fayne
316,Spike,Rockcliffe
317,Ignacius,Follitt
318,Lindie,Pennrington
319,Reiko,De Meyer
320,Ailsun,Cumo
321,Alfons,Ransley
322,Tades,Denslow
323,Clarabelle,Buddle
324,Lorraine,Macconaghy
325,Jordon,Casazza
326,Jamey,Anthoney
327,Asia,Denisevich
328,Angelique,Montel
329,Ardelle,Mourbey
330,Kareem,Tunuy
331,Frank,Isenor
332,Muire,Bernardi
333,Kevyn,Cowlam
334,Antonetta,Coggeshall
335,Karrah,Goulbourne
336,Magdalena,Maddicks
337,Hernando,Wass
338,Rodolfo,Lindenfeld
339,Tabbie,Maginot
340,Jeno,Reinisch
341,Jonathan,Haddleston
342,Bruno,Brickstock
343,Ferdinand,Clardge
344,Carmelia,Jobern
345,Penrod,Vasilchenko
346,Zsa zsa,Queenborough
347,Carmelita,Spir
348,Mella,Manis
349,Flss,MacConnel
350,Carleton,Plowes
351,Lamond,Gonthard
352,Tamera,Willmett
353,Joete,Ilyinski
354,Monique,Pinniger
355,Geralda,Blinkhorn
356,Hildegaard,Phette
357,Claudelle,Meneyer
358,Bax,Barwack
359,Jonathan,Feldstern
360,Mischa,Suter
361,Zita,Balls
362,Papageno,Warbeys
363,Myrvyn,Gascard
364,Bayard,Botte
365,Dorine,Dabbs
366,Sonja,Anthill
367,Carena,Aizkovitch
368,Farica,Vallack
369,Birgitta,Benge
370,Cordy,Crangle
371,Claudian,McTague
372,Gibby,Caverhill
373,Garreth,Webby
374,Arabella,Freeborne
375,Rebbecca,Chillistone
376,Kelcey,Gouthier
377,Gaelan,Astles
378,Kristina,Hatfield
379,Jase,Hynam
380,Tamra,Abrahamian
381,Hilton,Kyffin
382,Kippy,Mines
383,Gerek,Timny
384,Cornelia,Gages
385,Gustie,Iggulden
386,Aubrey,Tappin
387,Harriet,MacDearmont
388,Oona,Cheng
389,Branden,Wrankmore
390,Antone,Fines
391,Ruth,Wyman
392,Renard,Frances
393,Marquita,McKeney
394,Peggie,How to preserve
395,Torin,Fairbairn
396,Arthur,Gounod
397,Patsy,Joanaud
398,Christie,Zaniolini
399,Honoria,Topping
400,Lowell,Bradshaw
401,Sidnee,Glencross
402,Kattie,Gobbet
403,Cheslie,Camlin
404,Raynell,Loosmore
405,Renato,Lomasny
406,Trevar,Donaher
407,Mallissa,Gingel
408,Christabella,Bresman
409,Vicky,Laba
410,Chickie,Guerrier
411,Dani,Kirkpatrick
412,Mead,Manclark
413,Maryjane,Windley
414,Clerkclaude,Filpi
415,Robby,Turpey
416,Crissie,De la Zenne
417,Shaughn,Treweke
418,Cal,Antusch
419,Viva,Benes
420,Damon,Marris
421,Diann,Toke
422,Marigold,Djakovic
423,Ora,Aviss
424,Raquela,Burke
425,Carr,Walduck
426,Rae,Jellard
427,Dianna,Risby
428,Tabbitha,Steinhammer
429,Ynez,Piperley
430,Joe,Metson
431,Mona,Basnall
432,Phil,Allnutt
433,Violette,Ganderton
434,Darya,Feitosa
435,Bren,Howell
436,Maura,Bartolomivis
437,Devin,Hungerford
438,Read,Cuchey
439,Farrell,Coarser
440,Joanna,Staning
441,Maura,Bramwich
442,Aaren,Babst
443,Conan,McGilleghole
444,Elissa,Slorach
445,Sampson,Greet
446,Andria,Sussems
447,Kelsi,Branson
448,Giacomo,Limer
449,Anatole,Dowsey
450,Becki,Waylen
451,Dar,Wyllie
452,Rowney,Dyos
453,Englebert,Gwyneth
454,Freemon,Rosekilly
455,Delora,Gladebeck
456,Rivkah,Antonomoli
457,Kingsley,Erasmus
458,Sasha,Ramshaw
459,Ezechiel,Karleman
460,Rasla,O'Dowd
461,Cybil,Ghost
462,Hyacintha,Tunbridge
463,Sully,Hartley
464,Pennie,Renfield
465,Garrick,Bortoletti
466,Elisha,Papps
467,Vin,Cammacke
468,Lilas,Harper
469,Brannon,Ricci
470,Dulcie,Thody
471,Tomasina,Schechter
472,Sara-ann,McCurtin
473,Virge,Malcolm
474,Edd,Eckford
475,Bernard,Short
476,Georas,Dauncey
477,Celia,Strephan
478,Bab,Stainland
479,Tait,Sewall
480,Franky,Jacombs
481,Victoria,Reihill
482,Row,Rapinett
483,Suki,Keneforde
484,D'arcy,Antoniak
485,Abbie,Hatliff
486,Modesty,MacIntosh
487,Hedvig,Charlot
488,Batsheva,Glanister
489,Josi,Trayford
490,Maryjo,Brampton
491,Gregorius,Etheridge
492,Linus,Older
493,Bordie,Itzakson
494,Liva,Speer
495,Henriette,Oseland
496,Rabi,Swayne
497,Bram,Bretelle
498,Malachi,Fulmen
499,Violetta,Bauldrey
500,Paxon,Tegeller
501,Spenser,Flagg
502,Guenevere,Waliszek
503,Dodie,Wynn
504,Kriste,Wharf
505,Lindsey,Kenna
506,Emyle,Buyers
507,Cari,Dawby
508,Skippie,Kubacek
509,Melloney,de Vaen
510,Rich,Jacobsz
511,Felizio,Wann
512,Alayne,Lawrenceson
513,Bradford,Mottershead
514,Phillis,Catlin
515,Irina,Upfold
516,Fayth,Walkinshaw
517,Keelby,Paulitschke
518,Ethelyn,Peatheyjohns
519,Dniren,Koppeck
520,Paulie,Maudsley
521,Algernon,Busen
522,Vi,Clelle
523,Bari,Conigsby
524,Darrin,Tregidga
525,Maureene,Berkeley
526,Rebbecca,McPhail
527,Patrice,Valentelli
528,Con,Thrasher
529,Sashenka,Gyrgorcewicx
530,Thea,Couper
531,Harriett,Starling
532,Derrek,Adamowicz
533,Emiline,Purcell
534,Skelly,Beardwood
535,Goober,Stein
536,Valentino,Ference
537,Annabal,Kyncl
538,Anne-corinne,Flatt
539,Jarib,Guidera
540,Cordy,Darleston
541,Noella,Doy
542,Joli,Michiel
543,Gwyneth,McVity
544,Fran,Karlolczak
545,Clayson,Lambertz
546,Inge,Corringham
547,Joice,Boxill
548,Malanie,Guerrero
549,Ronnie,Laughren
550,Peri,Slark
551,Danny,Plaistowe
552,Orion,Wims
553,Dallas,Keningham
554,Maddy,Espinheira
555,Lesli,Lloyd
556,Vickie,Folshom
557,Addy,Skewes
558,Nancy,O'Rowane
559,Tamra,Backshell
560,Robyn,Powell
561,Baxter,Helsby
562,Homer,Jeaves
563,Janey,Juorio
564,Harriet,Dowsett
565,Kakalina,Bahl
566,Jonathon,Itchingham
567,Tamarah,Alvar
568,Rodrique,Lampkin
569,Tammy,Poxon
570,Lory,Yukhin
571,Ardeen,Powter
572,Simeon,Cressingham
573,Lindsy,Bugdale
574,Junina,Shillinglaw
575,Sherye,Wilcot
576,Margie,Drakeley
577,Huey,De Dantesie
578,Bronny,Mathiassen
579,Carlynn,Kretchmer
580,Larine,Jakobssen
581,Cory,Creeboe
582,Anson,Urien
583,Letisha,Sowley
584,Bride,Million
585,Arin,Janku
586,Roana,Ivantyev
587,Ora,Antognoni
588,Rubia,Merrilees
589,Christie,Hodjetts
590,Lindsey,Frango
591,Sydney,Smethurst
592,Rodger,Peabody
593,Prudence,Eilles
594,Patton,Francescotti
595,Shellysheldon,Parkhouse
596,Reube,Spenceley
597,Erwin,Mattedi
598,Sioux,Arney
599,Pierson,Spurdens
600,Jack,Pinchin
601,Betsey,Liversidge
602,Sophia,Firmager
603,Ogdan,Morican
604,Rhett,Dinneen
605,Regan,Segges
606,Marietta,Sacher
607,Car,Barthrup
608,Bonni,Crutchley
609,Bevin,Feifer
610,Charlean,Milland
611,Yasmin,Viccars
612,Virgie,Carleman
613,Andrea,Chorley
614,Walliw,Cannaway
615,Libby,Frickey
616,Lisetta,Salaman
617,Brittney,Kilshaw
618,Susanne,Petrovic
619,Roanna,Jacop
620,Arlinda,Foxen
621,Roz,Lumb
622,Benny,Allicock
623,Maud,Denecamp
624,Friedrich,Oaker
625,Edyth,Dullingham
626,Ainslie,Dalla
627,Star,Witheridge
628,Sunny,Ingry
629,Hatty,Karpushkin
630,Fin,Sleath
631,Cally,Dayce
632,Carolee,Lillie
633,Rikki,Dandison
634,Demetria,Nind
635,Ezmeralda,Grevel
636,Ingeborg,Duprey
637,Carmina,Paulsson
638,Beckie,Ixor
639,Alexia,MacGauhy
640,Lelia,Hing
641,Vernor,Oleszczak
642,Milena,MacCaghan
643,Misty,Blaiklock
644,Juliana,Hansed
645,Had,Fairlie
646,Ninetta,Aleksandrikin
647,Josefa,Yendall
648,Ashlie,Jencken
649,Maridel,Roelvink
650,Rudyard,Pawley
651,Carissa,Kagan
652,Chlo,Mathers
653,Gabriela,Belsher
654,Maynord,McClean
655,Arty,Waples
656,Bax,Juleff
657,Jarid,Wincer
658,Kaylil,Dalziell
659,Buffy,Lubman
660,Garrard,Murney
661,Cece,Berkelay
662,Joann,Archbutt
663,Winnifred,Flatt
664,Thacher,Craigmile
665,Marnia,Woollett
666,Vincent,Carsberg
667,Gerianna,Brabin
668,Timmi,Twyford
669,Boycie,Buy
670,Alister,Gammie
671,Claire,Brecknell
672,Sydel,Doumenc
673,Abbie,Stronack
674,Gwenora,Shann
675,Astrix,Margett
676,Thurston,Jaime
677,Dion,Trotter
678,Buddy,Cowin
679,Yul,Crystal
680,Alisha,Magenny
681,Kevyn,Brevitt
682,Any,Russen
683,Ailey,Bloan
684,Anica,Dowgill
685,Brock,Beetlestone
686,Roch,Chatt
687,Madalena,Pirouet
688,Jamison,Ibbott
689,Benson,Wenn
690,Nickolas,Santora
691,Editha,Studdert
692,Otho,Frohock
693,Stephenie,Howes
694,Terencio,Bowdery
695,Barnard,Caesman
696,Zebulen,Murrthum
697,Catlin,Aim
698,Ellynn,MacGillacolm
699,Gwenora,Spraging
700,Danya,Clow
701,Chrisse,Fiddeman
702,Bond,Hyder
703,Ransell,Davidovitch
704,Sybilla,Kellett
705,Clarissa,Royans
706,Kelby,Kelland
707,Shelia,Jerred
708,Vicki,Bolin
709,Berni,Hendriks
710,Lisa,Schneider
711,Avictor,Bateson
712,Lucienne,Pottell
713,Garrard,Covolini
714,Patton,McKern
715,Benji,Bluschke
716,Yovonnda,Worner
717,Henka,Valentin
718,Kimble,Lamblot
719,Bary,Helian
720,Dillon,Collicott
721,Leon,Toffanelli
722,Martainn,Aspey
723,Sigismundo,Woodeson
724,Peria,Angove
725,Laney,Dunmore
726,Whittaker,Dunstone
727,Hetty,Krier
728,Beverlee,Garard
729,Demetrius,Stoade
730,Phillis,Hurst
731,Ingmar,Howselee
732,Jermaine,Prescott
733,Beryle,Gockelen
734,Flossie,Ianni
735,Jania,Husher
736,Salomo,Jelliman
737,Corry,Kinch
738,Jacquenetta,Garbutt
739,Colby,Sissens
740,Lusa,Lord
741,Justino,Bradder
742,Valentina,Pettitt
743,Francyne,Brandle
744,Horst,Tregunnah
745,Patrizio,Drinkall
746,Avivah,Reynolds
747,Concordia,Pietruschka
748,Mitchel,MacPadene
749,Emlyn,Reicherz
750,Leontyne,Boddice
751,Levey,Atwood
752,Chicky,Caskey
753,Merrill,Hoofe
754,Linus,Kinder
755,Dorelia,Kless
756,Giffie,Chesman
757,Nathanael,Wearing
758,Pietra,Deavin
759,Biddy,Welton
760,Miguel,Holborn
761,Frants,Mepsted
762,Doretta,Gisborne
763,Napoleon,MacColl
764,Clementina,Jouen
765,Andromache,Mulrenan
766,Danell,Malatalant
767,Solly,Linnit
768,Concordia,Gon
769,Elianora,Harberer
770,Anabelle,Jonczyk
771,Willem,Kestin
772,Dotti,Churly
773,Abbi,Assad
774,Murdoch,Bernardes
775,Ashlen,Cowlas
776,Roland,Massingham
777,Janelle,Janeway
778,Lou,Crevy
779,Marylee,McFaell
780,Pennie,Bresman
781,Meggie,Yeabsley
782,Robinson,Painter
783,Cherri,McReidy
784,Holly,Eddies
785,Laina,Kinnon
786,Annis,Thackeray
787,Lori,Tire
788,Rawley,Keppy
789,Norine,Wellbelove
790,Dur,Mateo
791,Donnell,Amoore
792,Perle,Gush
793,Gibby,Illes
794,Amandy,Beall
795,Brock,Kilmaster
796,Rivy,Sayes
797,Lorry,Yonnie
798,Sharline,Dilliway
799,Ruy,Eagling
800,Delainey,Mannion
801,Giles,Beceril
802,Renell,Kenefick
803,Gratia,Girardy
804,Imelda,Masters
805,Letta,Papes
806,Arte,Sterke
807,Tymothy,Hawlgarth
808,Mahmoud,Britzius
809,Chucho,Febry
810,Hill,Bettison
811,Elvera,Deverell
812,Violette,Roscher
813,Quinn,Juleff
814,Mic,Gunny
815,Rudd,MacKessock
816,Levey,Karlolczak
817,Elissa,Mitchinson
818,Gerik,Caplin
819,Britni,Torrisi
820,Perla,Frounks
821,Jessamyn,Jarvis
822,Gwenneth,Speares
823,Ervin,Garrie
824,Alfred,Christie
825,Rodi,Pawsey
826,Cyrus,Roan
827,Siouxie,Lafrentz
828,Edmund,Hurll
829,Irina,Chettle
830,Roosevelt,Heliar
831,Lizbeth,Oley
832,Brenn,Sirl
833,Jolene,Wales
834,Roanna,Ricciardello
835,Gradeigh,Davidavidovics
836,Clemmy,Pie
837,Enriqueta,Kivelhan
838,Meier,Sivell
839,Lonnie,Fall
840,Felizio,Giron
841,Woody,Haslen
842,Virgie,Enriquez
843,Erin,Shoppee
844,Welch,Everson
845,Serena,Lockhead
846,Buiron,Burrells
847,Samuele,Pakeman
848,Avis,Cicculini
849,Viviana,Santen
850,Amye,Fearby
851,Conant,Donativo
852,Shirlene,Bodleigh
853,Roshelle,Hake
854,Elizabeth,Woolsey
855,Hamel,Tommen
856,Aeriela,Parr
857,Eric,Royds
858,Costanza,Matushevitz
859,Madelene,Gude
860,Minny,Aughton
861,Casar,Bantham
862,Isidore,Pirrone
863,Samantha,Wyldes
864,Bernadina,Leyrroyd
865,Kym,Charley
866,Clive,Morant
867,Ingemar,Tutchell
868,Dacy,Flannigan
869,Nani,Oliva
870,Charis,MacLeese
871,Merilyn,Colman
872,Von,Offin
873,Cassondra,Clancey
874,Reggis,Krzysztof
875,Victor,Tomasello
876,Giulio,Shickle
877,Kerr,Danis
878,Asa,Ennals
879,Marcy,Spawton
880,Shepherd,Keough
881,Dedra,Corkish
882,Uri,Karolczyk
883,Elena,Pauling
884,Corrie,Saker
885,Eward,Bachelor
886,Felike,Reichardt
887,Brittani,Hinckley
888,Drusi,Feek
889,Nomi,Callender
890,Simone,Schurig
891,Bobinette,Fuller
892,Cooper,Aphale
893,Brier,Prugel
894,Faber,Skeemer
895,Marys,Whichelow
896,Benedick,Baudouin
897,Boy,Antliff
898,Wendye,Greensmith
899,Stanley,Rablin
900,Edsel,Pockett
901,Raina,Seres
902,Emylee,Edmed
903,Mic,Midlar
904,Humfrey,Pauly
905,Cairistiona,Peagram
906,Bibbie,Flaubert
907,Engelbert,Poyner
908,Aylmar,O' Mara
909,Serena,Nekrews
910,Trina,Klossek
911,Chelsae,Sabatini
912,Martin,Hunnable
913,Wyatan,de Mullett
914,Neron,Sygrove
915,Hazel,Gehring
916,Joanie,Spelling
917,Tildy,Batistelli
918,Bryce,Oakinfold
919,Loretta,Markova
920,Andria,Brassington
921,Brand,Fickling
922,Clarance,Pascow
923,Kennedy,Shackleford
924,Dennis,Schulken
925,Prudy,Sharper
926,Lev,Zanni
927,Phebe,Clemens
928,Peggi,Filipychev
929,Hinda,Fruser
930,Peggy,Channer
931,Perle,Tinston
932,Micky,Jedraszek
933,Ulises,Scoyles
934,Dyana,Holligan
935,Janka,Lawrinson
936,Ferne,Baumaier
937,Annelise,Jodrelle
938,Gonzalo,Vanezis
939,Brody,Sturney
940,Alberta,Poolman
941,Tobin,Lambell
942,Angelika,Gare
943,Stearn,Foden
944,Berton,Kelsey
945,Jordan,Hulmes
946,Stephannie,Michurin
947,Foster,Loding
948,Cybil,Dandy
949,Sheilakathryn,Braam
950,Kirbie,Varne
951,Ferris,Winser
952,Lib,Conradsen
953,Iver,Collymore
954,Zorah,Offener
955,Forbes,Bassham
956,Mauricio,Harvison
957,Stafford,McKellar
958,Palmer,Kunze
959,Donnie,Gorcke
960,Vail,Margeram
961,Iain,Risdale
962,Rufus,Easun
963,Etheline,Beaston
964,Darb,Rounds
965,Rachel,Dykins
966,Sibby,Jory
967,Haley,Chadband
968,Laurent,Gerlack
969,Scottie,Tyhurst
970,Jeralee,Shirer
971,Elfrida,Yarrall
972,Fifine,Shuttell
973,Floyd,Coote
974,Tiphanie,Draude
975,Yanaton,Wilbud
976,Wallis,Thraves
977,Eli,Enticott
978,Tabbie,Fitzsymonds
979,Lu,Trinbey
980,Pete,Clover
981,Larry,Frizell
982,Cull,Ivanets
983,Berton,Brunicke
984,Leigh,Somerscales
985,Grete,Baigent
986,Ricky,Nutt
987,Jared,McCourtie
988,Carolee,Sturney
989,Granger,McKeowon
990,Jarred,Smullen
991,Juana,Mynott
992,Giusto,Ivetts
993,Georgeanna,Quarterman
994,Tate,De Lacey
995,Clem,Dorr
996,Vernon,Rendell
997,Kristen,Agirre
998,Humphrey,Guerreru
999,Eolanda,Rohlfs
1000,Trevor,Baynard
